{
  "results": {
    "MLP (PyTorch)": {
      "AUC_PR": 0.009275643401315212,
      "AUC_ROC": 0.7382557282012419,
      "best_F1": 0.03893905159262611,
      "thr": 0.49495580792427063,
      "TN": 439834,
      "FP": 2748,
      "FN": 658,
      "TP": 69
    },
    "LogReg": {
      "AUC_PR": 0.005256507303342691,
      "AUC_ROC": 0.7282953252744553,
      "best_F1": 0.02126359509656328,
      "thr": 0.8041381239891052,
      "TN": 435213,
      "FP": 7369,
      "FN": 640,
      "TP": 87
    },
    "RandomForest": {
      "AUC_PR": 0.007285732374429485,
      "AUC_ROC": 0.7381470841387519,
      "best_F1": 0.03466099083836787,
      "thr": 0.6676287565094676,
      "TN": 440077,
      "FP": 2505,
      "FN": 670,
      "TP": 57
    },
    "XGBoost": {
      "AUC_PR": 0.008094359872690549,
      "AUC_ROC": 0.7330635399719554,
      "best_F1": 0.039689922131401524,
      "thr": 0.8611653447151184,
      "TN": 440148,
      "FP": 2434,
      "FN": 663,
      "TP": 64
    },
    "LightGBM": {
      "AUC_PR": 0.0027236988117749676,
      "AUC_ROC": 0.5883672241043286,
      "best_F1": 0.009131251006618196,
      "thr": 1.0,
      "TN": 419980,
      "FP": 22602,
      "FN": 620,
      "TP": 107
    },
    "BRT": {
      "AUC_PR": 0.007856687399862828,
      "AUC_ROC": 0.7319890322611484,
      "best_F1": 0.03615365272693759,
      "thr": 0.8478299676784453,
      "TN": 439398,
      "FP": 3184,
      "FN": 655,
      "TP": 72
    },
    "MLP (sklearn)": {
      "AUC_PR": 0.009407373116822906,
      "AUC_ROC": 0.7328638070143804,
      "best_F1": 0.03832752579934013,
      "thr": 0.4694184958934784,
      "TN": 439931,
      "FP": 2651,
      "FN": 661,
      "TP": 66
    }
  },
  "best_model": "MLP (sklearn)",
  "n_train": 1680339,
  "n_test": 443309,
  "n_fire_train": 3404,
  "n_fire_test": 727,
  "n_flammable": 2123648,
  "n_fire_total": 4131,
  "neg_pos_ratio": 492.63660399529965
}